<?xml version="1.0" encoding="UTF-8"?>
<manzanas>
  <manzana>
    <id>1</id>
    <name>Amariega</name>
    <team>Acida</team>
    <temp>10</temp>
    <pos>1</pos>
    <nivel>90</nivel>
    <order>1</order>
    <is_default>1</is_default>
  </manzana>
   <manzana>
    <id>2</id>
    <name>Arbeya</name>
    <team>Dulce</team>
    <temp>9</temp>
    <pos>2</pos>
    <nivel>88</nivel>
    <order>2</order>
    <is_default>2</is_default>
  </manzana>
       <manzana>
    <id>3</id>
    <name>Carrandona</name>
    <team>Amarga</team>
    <temp>11</temp>
    <pos>2</pos>
    <nivel>93</nivel>
    <order>3</order>
    <is_default>3</is_default>
  </manzana>
       <manzana>
    <id>4</id>
    <name>Coloradona</name>
    <team>Acida</team>
    <temp>12</temp>
    <pos>4</pos>
    <nivel>99</nivel>
    <order>4</order>
    <is_default>4</is_default>
  </manzana>
       <manzana>
    <id>5</id>
    <name>Lin</name>
    <team>Dulce</team>
    <temp>10</temp>
    <pos>4</pos>
    <nivel>91</nivel>
    <order>5</order>
    <is_default>5</is_default>
  </manzana>
       <manzana>
    <id>6</id>
    <name>Golden</name>
    <team>Acida</team>
    <temp>9</temp>
    <pos>3</pos>
    <nivel>94</nivel>
    <order>6</order>
    <is_default>6</is_default>
  </manzana>
       <manzana>
    <id>7</id>
    <name>Peñarudes</name>
    <team>Amarga</team>
    <temp>11</temp>
    <pos>3</pos>
    <nivel>94</nivel>
    <order>7</order>
    <is_default>7</is_default>
  </manzana>
       <manzana>
    <id>8</id>
    <name>Perracabiella</name>
    <team>Dulce</team>
    <temp>12</temp>
    <pos>1</pos>
    <nivel>92</nivel>
    <order>8</order>
    <is_default>8</is_default>
  </manzana>
       <manzana>
    <id>9</id>
    <name>Raxao</name>
    <team>Acida</team>
    <temp>9</temp>
    <pos>4</pos>
    <nivel>95</nivel>
    <order>9</order>
    <is_default>9</is_default>
  </manzana>
       <manzana>
    <id>10</id>
    <name>Reineta</name>
    <team>Dulce</team>
    <temp>10</temp>
    <pos>3</pos>
    <nivel>90</nivel>
    <order>10</order>
    <is_default>10</is_default>
  </manzana>
       <manzana>
    <id>11</id>
    <name>Xuanina</name>
    <team>Acida</team>
    <temp>8</temp>
    <pos>2</pos>
    <nivel>93</nivel>
    <order>11</order>
    <is_default>11</is_default>
  </manzana>
       <manzana>
    <id>12</id>
    <name>Verdialona</name>
    <team>Amarga</team>
    <temp>9</temp>
    <pos>1</pos>
    <nivel>94</nivel>
    <order>12</order>
    <is_default>12</is_default>
  </manzana>
 </manzanas> 